heuristic,switch_size,simulation_length,packet_delay_average,packet_delay_variance,packet_delay_max,packet_delay_min,queue_length_average,queue_length_variance,queue_length_max,queue_length_min,permutation_matrix_amount_average,permutation_matrix_amount_variance,permutation_matrix_amount_max,permutation_matrix_amount_min,throughput_average,throughput_variance,throughput_max,throughput_min
GLJD,2,5,0.42731277533039647,0.5707077567971434,4.0,0.0,0.8,0.7133333333333335,5.0,0.0,2.0,0.0,2.0,2.0,0.7566666666666666,0.029122222222222223,1.0,0.3
GLJD,2,10,0.9271948608137045,1.733457441686651,6.0,0.0,1.3033333333333332,1.3179888888888889,5.0,0.0,2.0,0.0,2.0,2.0,0.7783333333333334,0.012113888888888891,1.0,0.5
GLJD,2,15,1.3406292749658002,3.108321902234631,13.0,0.0,1.741111111111111,1.9251987654320988,8.0,0.0,2.0,0.0,2.0,2.0,0.8122222222222221,0.006628395061728396,1.0,0.6666666666666666
GLJD,2,20,1.6383616383616384,4.192894019067844,14.0,0.0,2.078333333333333,2.442197222222222,9.0,0.0,2.0,0.0,2.0,2.0,0.8341666666666667,0.005103472222222221,1.0,0.725
GLJD,2,25,1.948616600790514,6.18629255260979,20.0,0.0,2.3966666666666665,3.033988888888889,9.0,0.0,2.0,0.0,2.0,2.0,0.8433333333333334,0.0040555555555555544,0.96,0.7
GLJD,2,30,2.227922077922078,8.417532045876202,24.0,0.0,2.691666666666667,3.5765972222222224,9.0,0.0,2.0,0.0,2.0,2.0,0.8555555555555556,0.00328395061728395,0.9666666666666667,0.7333333333333333
GLJD,2,35,2.484581497797357,10.421568437190706,26.0,0.0,2.9595238095238097,4.1464569160997735,11.0,0.0,2.0,0.0,2.0,2.0,0.8647619047619046,0.0029215419501133783,0.9714285714285714,0.7571428571428571
GLJD,2,40,2.7767175572519083,13.360450294271894,31.0,0.0,3.2075,4.731943749999999,11.0,0.0,2.0,0.0,2.0,2.0,0.8733333333333332,0.002476388888888889,0.975,0.7625
GLJD,2,45,3.025241901556584,15.253885353768032,31.0,0.0,3.4344444444444444,5.221998765432099,11.0,0.0,2.0,0.0,2.0,2.0,0.8803703703703704,0.0019233196159122085,0.9666666666666667,0.7888888888888889
GLJD,2,50,3.2577978203682827,17.742634609254928,36.0,0.0,3.645,5.696975000000001,11.0,0.0,2.0,0.0,2.0,2.0,0.8869999999999999,0.0017676666666666667,0.97,0.79
GLJD,2,55,3.4828406388039417,19.88545139390404,36.0,0.0,3.846969696969697,6.169612029384757,12.0,0.0,2.0,0.0,2.0,2.0,0.891818181818182,0.0015666666666666678,0.9727272727272728,0.7909090909090909
GLJD,2,60,3.612111801242236,20.954822248370053,36.0,0.0,4.045555555555556,6.6868135802469135,13.0,0.0,2.0,0.0,2.0,2.0,0.8944444444444445,0.0014459876543209886,0.975,0.7916666666666666
GLJD,2,65,3.784,23.459629714285718,46.0,0.0,4.237179487179487,7.20810486522025,14.0,0.0,2.0,0.0,2.0,2.0,0.8974358974358974,0.0013583168967784348,0.9769230769230769,0.8
GLJD,2,70,4.027733755942948,26.925010025257794,46.0,0.0,4.423095238095238,7.717895181405895,14.0,0.0,2.0,0.0,2.0,2.0,0.9014285714285715,0.0011510204081632651,0.9714285714285714,0.8142857142857143
GLJD,2,75,4.185949398182265,28.77480626518694,46.0,0.0,4.598444444444445,8.174086469135803,14.0,0.0,2.0,0.0,2.0,2.0,0.9046666666666668,0.001043407407407408,0.9733333333333334,0.8266666666666667
GLJD,2,80,4.3628420326511845,30.95963101229626,46.0,0.0,4.773333333333333,8.65403888888889,14.0,0.0,2.0,0.0,2.0,2.0,0.9060416666666667,0.0009726128472222217,0.975,0.8375
GLJD,2,85,4.537332757876564,32.919301129237674,46.0,0.0,4.944313725490196,9.114546097654745,14.0,0.0,2.0,0.0,2.0,2.0,0.9086274509803921,0.0008875048058439064,0.9764705882352941,0.8470588235294118
GLJD,2,90,4.707673568818514,34.94174785608986,47.0,0.0,5.105740740740741,9.540855932784636,14.0,0.0,2.0,0.0,2.0,2.0,0.912222222222222,0.0008259259259259261,0.9777777777777777,0.8555555555555555
GLJD,2,95,4.880399308888462,37.325492180732866,47.0,0.0,5.262280701754386,9.941208833487227,14.0,0.0,2.0,0.0,2.0,2.0,0.9138596491228071,0.000691566635887965,0.9736842105263158,0.8631578947368421
GLJD,2,100,5.031795058139535,38.27860389985929,47.0,0.0,5.411333333333333,10.297804888888887,14.0,0.0,2.0,0.0,2.0,2.0,0.9173333333333336,0.0006478888888888886,0.97,0.87
GLJD,3,5,0.9055793991416309,1.1928014883309692,4.0,0.0,1.5266666666666666,1.0181777777777778,5.0,0.0,3.433333333333333,0.2455555555555556,4.0,3.0,0.5177777777777778,0.010572839506172835,0.7333333333333333,0.26666666666666666
GLJD,3,10,1.7481617647058822,3.4200333855968856,9.0,0.0,2.4433333333333334,2.206788888888889,8.0,0.0,3.433333333333333,0.2455555555555556,4.0,3.0,0.6044444444444445,0.0065728395061728385,0.7666666666666667,0.36666666666666664
GLJD,3,15,2.303738317757009,5.4311075203074495,12.0,0.0,3.2474074074074073,3.5639747599451304,9.0,0.0,3.433333333333333,0.2455555555555556,4.0,3.0,0.6340740740740742,0.004731961591220851,0.7777777777777778,0.4444444444444444
GLJD,3,20,3.1683333333333334,10.538330555555557,18.0,0.0,3.975,5.0188194444444445,11.0,0.0,3.433333333333333,0.2455555555555556,4.0,3.0,0.6666666666666665,0.003981481481481481,0.7833333333333333,0.5333333333333333
GLJD,3,25,3.7711864406779663,13.70970432899476,20.0,0.0,4.6706666666666665,6.850206222222222,14.0,0.0,3.433333333333333,0.2455555555555556,4.0,3.0,0.6817777777777777,0.003979061728395061,0.7866666666666666,0.52
GLJD,3,30,4.423303046499198,18.824555845629416,27.0,0.0,5.342592592592593,8.96818587105624,17.0,0.0,3.433333333333333,0.2455555555555556,4.0,3.0,0.692962962962963,0.003617146776406034,0.7777777777777778,0.5222222222222223
GLJD,3,35,5.09807433945365,25.25191299581713,31.0,0.0,5.981587301587302,11.167914940791132,20.0,0.0,3.433333333333333,0.2455555555555556,4.0,3.0,0.7088888888888891,0.0031908289241622577,0.8095238095238095,0.5428571428571428
GLJD,3,40,5.796760509062861,32.639372459805685,35.0,0.0,6.582777777777777,13.458703395061727,20.0,0.0,3.433333333333333,0.2455555555555556,4.0,3.0,0.7202777777777777,0.003262422839506173,0.825,0.5833333333333334
GLJD,3,45,6.423883626522327,37.414706974278594,35.0,0.0,7.161975308641975,15.916480048773051,21.0,0.0,3.433333333333333,0.2455555555555556,4.0,3.0,0.7298765432098766,0.0031083066605700344,0.8444444444444444,0.6222222222222222
GLJD,3,50,7.007179180376907,42.44086978751749,38.0,0.0,7.705111111111111,18.356818320987653,23.0,0.0,3.433333333333333,0.2455555555555556,4.0,3.0,0.7428888888888887,0.002994617283950619,0.8533333333333334,0.6466666666666666
GLJD,3,55,7.506584251545283,47.29859948557837,42.0,0.0,8.217373737373737,20.803657749209265,24.0,0.0,3.433333333333333,0.2455555555555556,4.0,3.0,0.7517171717171716,0.0029910825425976937,0.8606060606060606,0.6484848484848484
GLJD,3,60,7.994861756789821,52.36723564886043,42.0,0.0,8.716666666666667,23.40601851851852,25.0,0.0,3.433333333333333,0.2455555555555556,4.0,3.0,0.7568518518518519,0.0027503772290809335,0.8555555555555555,0.6611111111111111
GLJD,3,65,8.509548416086274,58.54287670013847,53.0,0.0,9.211965811965811,26.180711520198695,26.0,0.0,3.433333333333333,0.2455555555555556,4.0,3.0,0.760854700854701,0.0026657608298633947,0.8615384615384616,0.6666666666666666
GLJD,3,70,8.866998135487881,61.92264611621778,54.0,0.0,9.70111111111111,29.219395590828924,29.0,0.0,3.433333333333333,0.2455555555555556,4.0,3.0,0.7661904761904761,0.0027382464096749825,0.861904761904762,0.6714285714285714
GLJD,3,75,9.306643625192013,68.830508857636,54.0,0.0,10.175851851851851,32.45011316323731,31.0,0.0,3.433333333333333,0.2455555555555556,4.0,3.0,0.7715555555555554,0.0027899259259259257,0.8711111111111111,0.6711111111111111
GLJD,3,80,9.822043010752688,76.73732772574864,55.0,0.0,10.644722222222223,35.82683325617284,32.0,0.0,3.433333333333333,0.2455555555555556,4.0,3.0,0.775,0.002638888888888889,0.8708333333333333,0.675
GLJD,3,85,10.228648285137862,83.04355049297453,64.0,0.0,11.10875816993464,39.2579755820411,34.0,0.0,3.433333333333333,0.2455555555555556,4.0,3.0,0.7775163398692811,0.0026932547310863342,0.8666666666666667,0.6784313725490196
GLJD,3,90,10.689289669356114,91.4677685351393,68.0,0.0,11.57037037037037,42.97689986282579,36.0,0.0,3.433333333333333,0.2455555555555556,4.0,3.0,0.7803703703703703,0.0028304983996342015,0.8703703703703703,0.6777777777777778
GLJD,3,95,11.175179211469533,100.17525609094179,68.0,0.0,12.027719298245614,46.87467023699601,39.0,0.0,3.433333333333333,0.2455555555555556,4.0,3.0,0.7831578947368422,0.0028877808556478923,0.8701754385964913,0.6771929824561403
GLJD,3,100,11.572197055492639,106.4472224662654,68.0,0.0,12.485333333333333,51.04534044444445,41.0,0.0,3.433333333333333,0.2455555555555556,4.0,3.0,0.784888888888889,0.003025728395061729,0.8666666666666667,0.6766666666666666
GLJD,4,5,1.0387596899224807,1.370590709692927,4.0,0.0,1.8133333333333332,1.2184888888888887,5.0,0.0,4.566666666666666,0.2455555555555555,5.0,4.0,0.42999999999999994,0.01376666666666667,0.7,0.25
GLJD,4,10,2.1248025276461298,4.08079083778192,9.0,0.0,2.9058333333333333,2.5586326388888887,7.0,0.0,4.566666666666666,0.2455555555555555,5.0,4.0,0.5275,0.006014583333333333,0.65,0.4
GLJD,4,15,2.995121951219512,7.799976204640096,13.0,0.0,3.868333333333333,4.378775,11.0,0.0,4.566666666666666,0.2455555555555555,5.0,4.0,0.5694444444444444,0.004483024691358026,0.6833333333333333,0.43333333333333335
GLJD,4,20,3.748959778085992,11.604107794498702,18.0,0.0,4.742083333333333,6.537228993055555,15.0,0.0,4.566666666666666,0.2455555555555555,5.0,4.0,0.6008333333333333,0.004040972222222222,0.7125,0.4875
GLJD,4,25,4.5870380289234065,17.854636486502383,21.0,0.0,5.565666666666667,9.037687888888888,16.0,0.0,4.566666666666666,0.2455555555555555,5.0,4.0,0.6223333333333333,0.003791222222222222,0.75,0.5
GLJD,4,30,5.233636757693975,22.50934971287514,27.0,0.0,6.345,11.73819722222222,20.0,0.0,4.566666666666666,0.2455555555555555,5.0,4.0,0.6408333333333333,0.0031127314814814806,0.7583333333333333,0.5166666666666667
GLJD,4,35,6.023391812865497,30.28234755993297,31.0,0.0,7.109285714285714,14.700675680272107,21.0,0.0,4.566666666666666,0.2455555555555555,5.0,4.0,0.6514285714285714,0.002742857142857143,0.7785714285714286,0.5357142857142857
GLJD,4,40,6.72408393360476,37.043507029597805,32.0,0.0,7.8308333333333335,17.61596597222222,23.0,0.0,4.566666666666666,0.2455555555555555,5.0,4.0,0.6652083333333334,0.0026684461805555563,0.78125,0.54375
GLJD,4,45,7.4236870897155365,45.462994720467904,40.0,0.0,8.523518518518518,20.731298731138544,25.0,0.0,4.566666666666666,0.2455555555555555,5.0,4.0,0.677037037037037,0.0022936899862825793,0.7833333333333333,0.5611111111111111
GLJD,4,50,8.053870419801019,52.280039011600145,40.0,0.0,9.190833333333334,23.951415972222225,28.0,0.0,4.566666666666666,0.2455555555555555,5.0,4.0,0.6868333333333335,0.002049138888888888,0.79,0.575
GLJD,4,55,8.731112562595253,60.577166125583524,49.0,0.0,9.838636363636363,27.264416322314048,30.0,0.0,4.566666666666666,0.2455555555555555,5.0,4.0,0.6959090909090909,0.001795247933884298,0.7772727272727272,0.5863636363636363
GLJD,4,60,9.299265727326851,69.68936441420742,49.0,0.0,10.475694444444445,30.84163146219136,33.0,0.0,4.566666666666666,0.2455555555555555,5.0,4.0,0.6998611111111113,0.0018732445987654325,0.7833333333333333,0.5958333333333333
GLJD,4,65,9.873313889901567,78.8682014497779,49.0,0.0,11.11448717948718,34.84573883957922,33.0,0.0,4.566666666666666,0.2455555555555555,5.0,4.0,0.7033333333333331,0.0017827744904667991,0.7807692307692308,0.6
GLJD,4,70,10.629268292682926,91.468949927178,63.0,0.0,11.751785714285715,39.15993728741497,33.0,0.0,4.566666666666666,0.2455555555555555,5.0,4.0,0.7077380952380953,0.0017568735827664399,0.7857142857142857,0.6107142857142858
GLJD,4,75,11.189773080509791,98.47455503088244,63.0,0.0,12.366444444444445,43.4417184691358,36.0,0.0,4.566666666666666,0.2455555555555555,5.0,4.0,0.714888888888889,0.001872395061728395,0.7933333333333333,0.6233333333333333
GLJD,4,80,11.739696312364424,107.31156230835228,63.0,0.0,12.967604166666666,47.87092967664931,37.0,0.0,4.566666666666666,0.2455555555555555,5.0,4.0,0.7203125,0.0018696289062500007,0.8,0.63125
GLJD,4,85,12.347027027027027,118.65362629656683,63.0,0.0,13.556176470588236,52.42056969434833,38.0,0.0,4.566666666666666,0.2455555555555555,5.0,4.0,0.7254901960784313,0.0020330642060745864,0.8029411764705883,0.6294117647058823
GLJD,4,90,12.889553378292403,129.2495396783761,65.0,0.0,14.139351851851853,57.16437735768175,39.0,0.0,4.566666666666666,0.2455555555555555,5.0,4.0,0.7276851851851853,0.0019246313443072708,0.7972222222222223,0.6333333333333333
GLJD,4,95,13.384698405084542,138.42977425548492,65.0,0.0,14.716140350877193,62.08854650661741,40.0,0.0,4.566666666666666,0.2455555555555555,5.0,4.0,0.7314912280701755,0.0019277393044013545,0.8,0.6368421052631579
GLJD,4,100,13.933847724951775,149.91381291542572,76.0,0.0,15.286666666666667,67.0689888888889,40.0,0.0,4.566666666666666,0.2455555555555555,5.0,4.0,0.7344166666666667,0.0018657013888888892,0.7975,0.645
GLJD,5,5,1.1046931407942238,1.429472559267031,4.0,0.0,2.025333333333333,1.238024888888889,5.0,0.0,6.0,0.2,7.0,5.0,0.36933333333333346,0.01084622222222222,0.52,0.16
GLJD,5,10,2.3138075313807533,4.379906981086933,9.0,0.0,3.216666666666667,2.891055555555556,9.0,0.0,6.0,0.2,7.0,5.0,0.47800000000000004,0.006276,0.62,0.22
GLJD,5,15,3.2479201331114806,8.332878369661215,14.0,0.0,4.229333333333333,4.842517333333333,11.0,0.0,6.0,0.2,7.0,5.0,0.5342222222222223,0.003768098765432099,0.6666666666666666,0.38666666666666666
GLJD,5,20,4.142524723676556,13.096033416346273,19.0,0.0,5.154,7.058284,14.0,0.0,6.0,0.2,7.0,5.0,0.5730000000000001,0.0024876666666666654,0.71,0.47
GLJD,5,25,4.912225705329154,18.960499882778553,23.0,0.0,6.0149333333333335,9.476043662222223,17.0,0.0,6.0,0.2,7.0,5.0,0.5954666666666667,0.0018503822222222222,0.688,0.512
GLJD,5,30,5.752983725135624,26.22578223662482,29.0,0.0,6.838888888888889,12.164043209876542,20.0,0.0,6.0,0.2,7.0,5.0,0.6144444444444443,0.0014461728395061735,0.6933333333333334,0.5466666666666666
GLJD,5,35,6.660741187104549,34.03193569649886,29.0,0.0,7.621904761904762,14.9322820861678,20.0,0.0,6.0,0.2,7.0,5.0,0.6321904761904762,0.001237514739229025,0.7142857142857143,0.56
GLJD,5,40,7.339700567888487,41.08697833057789,37.0,0.0,8.375166666666667,17.91174997222222,22.0,0.0,6.0,0.2,7.0,5.0,0.6456666666666666,0.0011812222222222222,0.735,0.59
GLJD,5,45,8.051472240953023,49.24010178845174,39.0,0.0,9.098074074074074,21.09408517969822,25.0,0.0,6.0,0.2,7.0,5.0,0.6591111111111111,0.001269662551440329,0.7377777777777778,0.5911111111111111
GLJD,5,50,8.622102318145483,55.17753706706897,45.0,0.0,9.801066666666667,24.402025528888892,26.0,0.0,6.0,0.2,7.0,5.0,0.6671999999999999,0.0010222933333333326,0.74,0.616
GLJD,5,55,9.27945945945946,63.657217725833945,48.0,0.0,10.497939393939394,28.012904844811754,28.0,0.0,6.0,0.2,7.0,5.0,0.672727272727273,0.0011301377410468316,0.7418181818181818,0.6181818181818182
GLJD,5,60,9.861083904668625,71.26588024859174,48.0,0.0,11.181777777777778,31.807845728395066,30.0,0.0,6.0,0.2,7.0,5.0,0.6806666666666668,0.0010610370370370372,0.7466666666666667,0.63
GLJD,5,65,10.536341971998809,81.60524762568251,50.0,0.0,11.843282051282051,35.6638497409599,32.0,0.0,6.0,0.2,7.0,5.0,0.6886153846153846,0.00113003550295858,0.7569230769230769,0.6338461538461538
GLJD,5,70,11.089494699160127,90.0902971837458,59.0,0.0,12.499904761904762,39.84771427664399,33.0,0.0,6.0,0.2,7.0,5.0,0.6917142857142857,0.0010456326530612246,0.76,0.6371428571428571
GLJD,5,75,11.714395099540582,101.01822565502448,59.0,0.0,13.151911111111112,44.27870079209877,35.0,0.0,6.0,0.2,7.0,5.0,0.6965333333333333,0.0010744414814814814,0.7653333333333333,0.64
GLJD,5,80,12.33487709298183,113.11764001873783,71.0,0.0,13.795083333333332,48.90259249305554,36.0,0.0,6.0,0.2,7.0,5.0,0.7017500000000001,0.0010708958333333339,0.775,0.6425
GLJD,5,85,13.004881837346055,126.27579997771628,71.0,0.0,14.424235294117647,53.65304402306805,40.0,0.0,6.0,0.2,7.0,5.0,0.7069019607843136,0.001107887735486352,0.7788235294117647,0.6352941176470588
GLJD,5,90,13.561730969760166,136.31813923523484,71.0,0.0,15.047777777777778,58.765346913580245,42.0,0.0,6.0,0.2,7.0,5.0,0.7103703703703704,0.0012415912208504798,0.7822222222222223,0.6222222222222222
GLJD,5,95,14.139514305378036,149.16596491993593,71.0,0.0,15.663228070175439,64.10700571991383,44.0,0.0,6.0,0.2,7.0,5.0,0.7137543859649121,0.001261823330255463,0.7894736842105263,0.6273684210526316
GLJD,5,100,14.732564627115492,163.3528785445029,87.0,0.0,16.271733333333334,69.61376099555555,46.0,0.0,6.0,0.2,7.0,5.0,0.7169333333333332,0.0012753955555555557,0.794,0.636
GLJD,6,5,1.1852941176470588,1.3921366782006919,4.0,0.0,2.0166666666666666,1.1919444444444443,5.0,0.0,7.1,0.29,8.0,6.0,0.3777777777777778,0.006839506172839507,0.5666666666666667,0.23333333333333334
GLJD,6,10,2.2100840336134455,3.8994421297930932,9.0,0.0,3.2383333333333333,2.968197222222222,9.0,0.0,7.1,0.29,8.0,6.0,0.4627777777777778,0.004197839506172838,0.6,0.3
GLJD,6,15,3.3246565437454807,8.991488945667593,14.0,0.0,4.354444444444445,5.379924691358024,12.0,0.0,7.1,0.29,8.0,6.0,0.5122222222222221,0.003937037037037036,0.6111111111111112,0.32222222222222224
GLJD,6,20,4.388388388388388,14.91722252783314,18.0,0.0,5.348055555555556,7.974690663580247,14.0,0.0,7.1,0.29,8.0,6.0,0.5549999999999999,0.003368518518518519,0.6666666666666666,0.43333333333333335
GLJD,6,25,5.141153846153846,19.733537130177517,23.0,0.0,6.256666666666667,10.6699,16.0,0.0,7.1,0.29,8.0,6.0,0.5777777777777778,0.00286320987654321,0.6733333333333333,0.47333333333333333
GLJD,6,30,5.932817337461301,26.223659864467212,26.0,0.0,7.120185185185186,13.65759255829904,19.0,0.0,7.1,0.29,8.0,6.0,0.5981481481481482,0.002358710562414266,0.6722222222222223,0.49444444444444446
GLJD,6,35,6.689362795477903,33.87241511298376,30.0,0.0,7.935555555555555,16.741878659611995,21.0,0.0,7.1,0.29,8.0,6.0,0.6177777777777779,0.0018940791131267316,0.7,0.5428571428571428
GLJD,6,40,7.459005524861879,42.50644099996948,36.0,0.0,8.731805555555555,20.205988406635797,23.0,0.0,7.1,0.29,8.0,6.0,0.6284722222222221,0.0018704668209876543,0.7208333333333333,0.55
GLJD,6,45,8.24739482825164,52.78904666734491,40.0,0.0,9.506666666666666,23.864029629629627,25.0,0.0,7.1,0.29,8.0,6.0,0.6397530864197531,0.00151800030483158,0.7074074074074074,0.5666666666666667
GLJD,6,50,8.994366678047115,62.17289417896476,41.0,0.0,10.25388888888889,27.658984876543204,27.0,0.0,7.1,0.29,8.0,6.0,0.650888888888889,0.0014340246913580245,0.72,0.5833333333333334
GLJD,6,55,9.5843797856049,69.53476366587009,44.0,0.0,10.978383838383838,31.48680546882971,28.0,0.0,7.1,0.29,8.0,6.0,0.6595959595959596,0.0013212937455361698,0.7303030303030303,0.593939393939394
GLJD,6,60,10.185708350643955,77.75543070236621,51.0,0.0,11.679722222222223,35.41936658950617,31.0,0.0,7.1,0.29,8.0,6.0,0.6686111111111112,0.0013509002057613166,0.7472222222222222,0.5972222222222222
GLJD,6,65,10.811621724268894,88.71777353154982,53.0,0.0,12.368205128205128,39.5191258382643,33.0,0.0,7.1,0.29,8.0,6.0,0.6751282051282053,0.0011948937102783253,0.7461538461538462,0.6128205128205129
GLJD,6,70,11.458168259147053,99.60131465917429,60.0,0.0,13.046349206349205,43.84959778281683,33.0,0.0,7.1,0.29,8.0,6.0,0.6811111111111111,0.0010763164525069283,0.7476190476190476,0.6238095238095238
GLJD,6,75,12.15727321524423,112.87950560812315,69.0,0.0,13.702814814814815,48.14071800274348,35.0,0.0,7.1,0.29,8.0,6.0,0.6899999999999998,0.0010099588477366255,0.7488888888888889,0.6311111111111111
GLJD,6,80,12.835415209353453,126.5983740231643,69.0,0.0,14.340902777777778,52.38788251832562,37.0,0.0,7.1,0.29,8.0,6.0,0.6949305555555555,0.0007487509645061738,0.7458333333333333,0.6395833333333333
GLJD,6,85,13.475665576833256,140.2126026046488,69.0,0.0,14.971503267973857,56.79304414541416,37.0,0.0,7.1,0.29,8.0,6.0,0.699673202614379,0.0006777094279977791,0.7470588235294118,0.6392156862745098
GLJD,6,90,14.012599527517718,149.8474219676295,69.0,0.0,15.592222222222222,61.36877901234568,39.0,0.0,7.1,0.29,8.0,6.0,0.7054938271604938,0.0006836953208352387,0.7481481481481481,0.6537037037037037
GLJD,6,95,14.519943959123125,160.12993848375572,80.0,0.0,16.199766081871346,66.09272509148114,41.0,0.0,7.1,0.29,8.0,6.0,0.7095906432748539,0.0008387674840121746,0.7596491228070176,0.6473684210526316
GLJD,6,100,15.05677570093458,171.51694785934725,80.0,0.0,16.801666666666666,71.04544166666666,44.0,0.0,7.1,0.29,8.0,6.0,0.7133333333333334,0.0007924074074074078,0.7666666666666667,0.6516666666666666
GLJD,7,5,1.298550724637681,1.5485486242386053,4.0,0.0,2.1742857142857144,1.2562911564625847,5.0,0.0,8.266666666666667,0.26222222222222225,9.0,7.0,0.32857142857142857,0.007986394557823129,0.4857142857142857,0.2
GLJD,7,10,2.3680555555555554,4.589072145061728,9.0,0.0,3.5552380952380953,3.466948752834467,10.0,0.0,8.266666666666667,0.26222222222222225,9.0,7.0,0.41142857142857153,0.0038557823129251696,0.5285714285714286,0.2857142857142857
GLJD,7,15,3.412611377655929,9.275947875703311,14.0,0.0,4.757460317460318,6.077682438901486,12.0,0.0,8.266666666666667,0.26222222222222225,9.0,7.0,0.4631746031746032,0.0027240110859158475,0.5523809523809524,0.3619047619047619
GLJD,7,20,4.546092653252223,16.389195074241766,19.0,0.0,5.836904761904762,8.943638038548755,15.0,0.0,8.266666666666667,0.26222222222222225,9.0,7.0,0.5088095238095238,0.002226814058956916,0.5857142857142857,0.42142857142857143
GLJD,7,25,5.413366336633663,22.143484707381628,24.0,0.0,6.852761904761905,12.18270189569161,17.0,0.0,8.266666666666667,0.26222222222222225,9.0,7.0,0.5386666666666666,0.0020613514739229017,0.6171428571428571,0.45714285714285713
GLJD,7,30,6.342735042735042,31.664583972532686,29.0,0.0,7.812222222222222,15.667755379188712,19.0,0.0,8.266666666666667,0.26222222222222225,9.0,7.0,0.557142857142857,0.0020513983371126224,0.638095238095238,0.4857142857142857
GLJD,7,35,7.175257731958763,38.616894849225595,32.0,0.0,8.715374149659864,19.227559553889584,21.0,0.0,8.266666666666667,0.26222222222222225,9.0,7.0,0.5806802721088434,0.0018491554444907215,0.6571428571428571,0.4897959183673469
GLJD,7,40,8.054967019788126,48.57163383361148,38.0,0.0,9.574642857142857,22.889428443877552,24.0,0.0,8.266666666666667,0.26222222222222225,9.0,7.0,0.595595238095238,0.0013594246031746035,0.6535714285714286,0.5071428571428571
GLJD,7,45,8.891741845940318,61.07849530046266,43.0,0.0,10.397883597883597,26.732059012905573,25.0,0.0,8.266666666666667,0.26222222222222225,9.0,7.0,0.6099470899470901,0.0014907085467932035,0.6698412698412698,0.5111111111111111
GLJD,7,50,9.589562547966231,70.68096550318675,45.0,0.0,11.204476190476191,30.885522820861677,27.0,0.0,8.266666666666667,0.26222222222222225,9.0,7.0,0.6204761904761903,0.001202766439909297,0.6714285714285714,0.5428571428571428
GLJD,7,55,10.448039484507815,83.8206480620549,48.0,0.0,11.987705627705628,35.14270599126703,28.0,0.0,8.266666666666667,0.26222222222222225,9.0,7.0,0.6315151515151515,0.0010177020670527172,0.6831168831168831,0.5714285714285714
GLJD,7,60,11.086794792312462,94.10306802794561,50.0,0.0,12.746825396825397,39.49241055681532,30.0,0.0,8.266666666666667,0.26222222222222225,9.0,7.0,0.6400793650793652,0.0009546800201562104,0.6976190476190476,0.5904761904761905
GLJD,7,65,11.841749323715058,107.33293688576374,52.0,0.0,13.480146520146521,43.9011809309128,33.0,0.0,8.266666666666667,0.26222222222222225,9.0,7.0,0.6499633699633701,0.0009245045552737864,0.7142857142857143,0.5912087912087912
GLJD,7,70,12.582727083766368,120.92243288727104,61.0,0.0,14.205238095238096,48.593863718820856,34.0,0.0,8.266666666666667,0.26222222222222225,9.0,7.0,0.6545578231292518,0.0009334814197787965,0.7244897959183674,0.5959183673469388
GLJD,7,75,13.18325661680092,131.05914812095256,63.0,0.0,14.917777777777777,53.52701728395062,36.0,0.0,8.266666666666667,0.26222222222222225,9.0,7.0,0.662095238095238,0.0010648767951625094,0.7390476190476191,0.6019047619047619
GLJD,7,80,13.776056964842011,142.13302708709767,71.0,0.0,15.614345238095238,58.58180611890589,37.0,0.0,8.266666666666667,0.26222222222222225,9.0,7.0,0.6687499999999998,0.0010577699829931973,0.7357142857142858,0.6125
GLJD,7,85,14.375124626121636,155.23739716791798,77.0,0.0,16.29859943977591,63.770670307338634,38.0,0.0,8.266666666666667,0.26222222222222225,9.0,7.0,0.6742857142857145,0.0009644140008944755,0.7378151260504202,0.6151260504201681
GLJD,7,90,15.053647901580627,171.7894601413853,79.0,0.0,16.96952380952381,69.05653151927439,40.0,0.0,8.266666666666667,0.26222222222222225,9.0,7.0,0.6795238095238096,0.0008472915091962712,0.7428571428571429,0.6253968253968254
GLJD,7,95,15.639484664373033,184.29378976444164,79.0,0.0,17.629172932330828,74.4678005690919,42.0,0.0,8.266666666666667,0.26222222222222225,9.0,7.0,0.6847619047619049,0.0008157963831885478,0.7443609022556391,0.6330827067669172
GLJD,7,100,16.312378976486862,200.35338756315414,79.0,0.0,18.281285714285715,80.08540215646258,44.0,0.0,8.266666666666667,0.26222222222222225,9.0,7.0,0.6885714285714285,0.0008462585034013601,0.75,0.6414285714285715
GLJD,8,5,1.1352785145888593,1.2522567526683506,4.0,0.0,2.19,1.3405666666666667,5.0,0.0,9.5,0.25,10.0,9.0,0.3141666666666667,0.00890347222222222,0.475,0.075
GLJD,8,10,2.2379935965848454,4.574095440727406,9.0,0.0,3.6445833333333333,3.6540956597222216,9.0,0.0,9.5,0.25,10.0,9.0,0.39041666666666663,0.0035904513888888883,0.5125,0.275
GLJD,8,15,3.452980946527351,9.906055957227622,14.0,0.0,4.887777777777778,6.252406172839506,14.0,0.0,9.5,0.25,10.0,9.0,0.4519444444444444,0.002216126543209877,0.5333333333333333,0.35833333333333334
GLJD,8,20,4.4277705907718845,17.202092097436086,19.0,0.0,6.0525,9.548077083333334,17.0,0.0,9.5,0.25,10.0,9.0,0.483125,0.002000390625,0.58125,0.35625
GLJD,8,25,5.573823339780787,25.960862171241203,23.0,0.0,7.1215,13.02873775,19.0,0.0,9.5,0.25,10.0,9.0,0.517,0.0021176666666666666,0.6,0.41
GLJD,8,30,6.684475806451613,34.65699690264047,27.0,0.0,8.089305555555555,16.352996739969136,20.0,0.0,9.5,0.25,10.0,9.0,0.551111111111111,0.0015149691358024692,0.6083333333333333,0.4666666666666667
GLJD,8,35,7.480476091041971,42.111385365318945,34.0,0.0,8.996666666666666,19.752131746031743,24.0,0.0,9.5,0.25,10.0,9.0,0.5701190476190476,0.0012776218820861678,0.6357142857142857,0.48214285714285715
GLJD,8,40,8.34412448578072,51.43979690383794,37.0,0.0,9.880208333333334,23.566483289930552,27.0,0.0,9.5,0.25,10.0,9.0,0.5823958333333332,0.0014247938368055556,0.659375,0.46875
GLJD,8,45,9.096549589973696,61.11987514402854,43.0,0.0,10.72574074074074,27.523670747599454,27.0,0.0,9.5,0.25,10.0,9.0,0.5984259259259257,0.0009710305212620025,0.6694444444444444,0.5111111111111111
GLJD,8,50,9.882625904189982,73.03767684967973,47.0,0.0,11.54725,31.679434104166667,27.0,0.0,9.5,0.25,10.0,9.0,0.6105833333333334,0.0008207013888888884,0.6625,0.535
GLJD,8,55,10.695699841637227,84.0945131202838,52.0,0.0,12.334696969696969,35.83615975665748,31.0,0.0,9.5,0.25,10.0,9.0,0.6218939393939393,0.0007687614784205698,0.6681818181818182,0.5545454545454546
GLJD,8,60,11.440532511827485,96.14040134477312,54.0,0.0,13.103194444444444,40.16837868441358,34.0,0.0,9.5,0.25,10.0,9.0,0.6311805555555555,0.0006659384645061727,0.6729166666666667,0.5645833333333333
GLJD,8,65,12.198194583751254,108.96633575752334,59.0,0.0,13.858141025641025,44.793401672419456,36.0,0.0,9.5,0.25,10.0,9.0,0.6391025641025643,0.0007932281393819854,0.6788461538461539,0.5826923076923077
GLJD,8,70,12.964984835952578,124.07992456782445,67.0,0.0,14.597857142857142,49.61923350340136,39.0,0.0,9.5,0.25,10.0,9.0,0.6476785714285714,0.0007183567176870746,0.6892857142857143,0.5892857142857143
GLJD,8,75,13.68900212314225,138.18761153078106,73.0,0.0,15.323166666666667,54.622841083333334,42.0,0.0,9.5,0.25,10.0,9.0,0.6541666666666666,0.0007110648148148153,0.695,0.6
GLJD,8,80,14.443489911727617,153.31442956074312,73.0,0.0,16.028854166666665,59.61854243706596,45.0,0.0,9.5,0.25,10.0,9.0,0.6608333333333334,0.0005201714409722221,0.696875,0.615625
GLJD,8,85,15.119530102790014,167.56985352369,77.0,0.0,16.72151960784314,64.74318396530181,46.0,0.0,9.5,0.25,10.0,9.0,0.6676470588235295,0.0005428200692041521,0.7073529411764706,0.6191176470588236
GLJD,8,90,15.792849776555517,182.44089765395407,87.0,0.0,17.400694444444444,69.9951384066358,49.0,0.0,9.5,0.25,10.0,9.0,0.6733796296296297,0.0005922175068587106,0.7194444444444444,0.6291666666666667
GLJD,8,95,16.345425153572585,192.85268275652217,87.0,0.0,18.06719298245614,75.34601141889812,52.0,0.0,9.5,0.25,10.0,9.0,0.6782894736842107,0.0005925380886426592,0.7302631578947368,0.6368421052631579
GLJD,8,100,16.957410458234182,207.49479971321296,87.0,0.0,18.726125,80.89753415104165,54.0,0.0,9.5,0.25,10.0,9.0,0.6828749999999999,0.0005215781249999995,0.735,0.64375
GLJD,9,5,1.1436950146627567,1.3547183116760262,4.0,0.0,2.351111111111111,1.4100543209876544,5.0,0.0,10.633333333333333,0.23222222222222227,11.0,10.0,0.25259259259259254,0.005184636488340193,0.35555555555555557,0.06666666666666667
GLJD,9,10,2.568085106382979,5.360258035310095,9.0,0.0,3.890740740740741,3.931395747599451,10.0,0.0,10.633333333333333,0.23222222222222227,11.0,10.0,0.3481481481481482,0.0024142661179698223,0.4444444444444444,0.26666666666666666
GLJD,9,15,3.781231671554252,10.614310506445591,14.0,0.0,5.219753086419753,6.885535741502819,12.0,0.0,10.633333333333333,0.23222222222222227,11.0,10.0,0.42098765432098767,0.001737844840725499,0.4962962962962963,0.31851851851851853
GLJD,9,20,4.921919479463196,17.99715678733507,19.0,0.0,6.444629629629629,10.355823010973937,16.0,0.0,10.633333333333333,0.23222222222222227,11.0,10.0,0.4553703703703703,0.0009104595336076818,0.5055555555555555,0.39444444444444443
GLJD,9,25,5.999393203883495,26.581917107526625,24.0,0.0,7.5697777777777775,14.052538469135804,18.0,0.0,10.633333333333333,0.23222222222222227,11.0,10.0,0.48829629629629634,0.0012980850480109744,0.5511111111111111,0.39111111111111113
GLJD,9,30,7.034392166228804,35.887997976609284,28.0,0.0,8.608888888888888,17.834686419753087,19.0,0.0,10.633333333333333,0.23222222222222227,11.0,10.0,0.5169135802469136,0.0010221155311690292,0.5777777777777777,0.45185185185185184
GLJD,9,35,8.03092581718536,46.083208792500436,33.0,0.0,9.585925925925926,21.834786047423083,23.0,0.0,10.633333333333333,0.23222222222222227,11.0,10.0,0.5406349206349206,0.0009555051650289745,0.6031746031746031,0.4888888888888889
GLJD,9,40,9.058386937159822,57.99065331094266,39.0,0.0,10.511481481481482,25.864682990397807,24.0,0.0,10.633333333333333,0.23222222222222227,11.0,10.0,0.5613888888888888,0.0006328960905349794,0.6166666666666667,0.5277777777777778
GLJD,9,45,9.939207552567586,68.59292850948951,42.0,0.0,11.398600823045268,30.055356066995206,25.0,0.0,10.633333333333333,0.23222222222222227,11.0,10.0,0.5753909465020577,0.0007740622195126085,0.6345679012345679,0.5259259259259259
GLJD,9,50,10.693050677370797,78.24735261007606,47.0,0.0,12.246,34.36874325925926,28.0,0.0,10.633333333333333,0.23222222222222227,11.0,10.0,0.5905185185185186,0.0008622002743484226,0.6577777777777778,0.5355555555555556
GLJD,9,55,11.346566763587564,86.7464761350528,50.0,0.0,13.075151515151514,39.040412855831036,30.0,0.0,10.633333333333333,0.23222222222222227,11.0,10.0,0.6021548821548822,0.0008453377773243091,0.6666666666666666,0.5434343434343434
GLJD,9,60,12.212765957446809,100.92301647633609,55.0,0.0,13.87037037037037,43.72319615912208,32.0,0.0,10.633333333333333,0.23222222222222227,11.0,10.0,0.6150617283950619,0.0007870903825636337,0.6722222222222223,0.5481481481481482
GLJD,9,65,13.10267165131759,115.35847467134278,57.0,0.0,14.6405698005698,48.45360195452959,33.0,0.0,10.633333333333333,0.23222222222222227,11.0,10.0,0.624900284900285,0.0007575295655067738,0.6786324786324787,0.5555555555555556
GLJD,9,70,13.859225322782175,129.05240239862576,65.0,0.0,15.384285714285713,53.139890627362064,34.0,0.0,10.633333333333333,0.23222222222222227,11.0,10.0,0.6351851851851852,0.0007454578539234619,0.6873015873015873,0.5634920634920635
GLJD,9,75,14.575408703661063,141.6052775307892,71.0,0.0,16.10785185185185,57.907972916323736,36.0,0.0,10.633333333333333,0.23222222222222227,11.0,10.0,0.6434074074074074,0.0006327059899405577,0.6903703703703704,0.5837037037037037
GLJD,9,80,15.312282446544009,157.67487435994832,73.0,0.0,16.815787037037037,62.785278547239365,37.0,0.0,10.633333333333333,0.23222222222222227,11.0,10.0,0.6517129629629629,0.00054741298010974,0.6902777777777778,0.6
GLJD,9,85,16.04307834833245,172.8016778715746,82.0,0.0,17.506100217864923,67.68865559779951,39.0,0.0,10.633333333333333,0.23222222222222227,11.0,10.0,0.6584749455337693,0.00048459234577394246,0.6993464052287581,0.6065359477124183
GLJD,9,90,16.679087358174716,185.42606213441084,86.0,0.0,18.185473251028807,72.74432395298821,41.0,0.0,10.633333333333333,0.23222222222222227,11.0,10.0,0.6637448559670782,0.0004814797879727007,0.7012345679012346,0.6135802469135803
GLJD,9,95,17.20221316249272,196.9557318520574,87.0,0.0,18.85703703703704,78.03706646451519,42.0,0.0,10.633333333333333,0.23222222222222227,11.0,10.0,0.6693957115009747,0.00041506408429564293,0.7064327485380117,0.623391812865497
GLJD,9,100,17.79043230195304,208.81717420416174,87.0,0.0,19.518592592592594,83.47143209327847,44.0,0.0,10.633333333333333,0.23222222222222227,11.0,10.0,0.675111111111111,0.0003548641975308642,0.7044444444444444,0.63
GLJD,10,5,1.3121827411167513,1.4228465046767507,4.0,0.0,2.3566666666666665,1.3761222222222222,5.0,0.0,11.866666666666667,0.18222222222222226,13.0,11.0,0.26266666666666666,0.006526222222222222,0.5,0.1
GLJD,10,10,2.566951566951567,5.094520336685579,9.0,0.0,3.8833333333333333,3.9223888888888894,9.0,0.0,11.866666666666667,0.18222222222222226,13.0,11.0,0.3509999999999999,0.003395666666666667,0.46,0.24
GLJD,10,15,3.6973969631236443,10.075459601639366,13.0,0.0,5.222444444444444,7.074296246913581,13.0,0.0,11.866666666666667,0.18222222222222226,13.0,11.0,0.40977777777777774,0.0026184691358024695,0.52,0.30666666666666664
GLJD,10,20,4.976101568334578,17.68725560133436,19.0,0.0,6.473166666666667,10.87794663888889,16.0,0.0,11.866666666666667,0.18222222222222226,13.0,11.0,0.44633333333333336,0.0023532222222222223,0.54,0.35
GLJD,10,25,6.010851419031719,25.03076705471835,23.0,0.0,7.624266666666666,14.874824462222223,19.0,0.0,11.866666666666667,0.18222222222222226,13.0,11.0,0.4792,0.0018105600000000006,0.576,0.412
GLJD,10,30,7.178951946075234,36.271737888319215,29.0,0.0,8.689,18.936723444444446,20.0,0.0,11.866666666666667,0.18222222222222226,13.0,11.0,0.5109999999999999,0.00148974074074074,0.58,0.44
GLJD,10,35,8.065350089766607,44.73791967097396,34.0,0.0,9.698380952380953,23.209502140589567,23.0,0.0,11.866666666666667,0.18222222222222226,13.0,11.0,0.5304761904761904,0.0012692970521541948,0.6028571428571429,0.45714285714285713
GLJD,10,40,9.05578231292517,57.104220155182254,38.0,0.0,10.655833333333334,27.577715972222222,26.0,0.0,11.866666666666667,0.18222222222222226,13.0,11.0,0.5512499999999999,0.0009469791666666673,0.6125,0.4775
GLJD,10,45,9.94600969728738,68.48954999282957,43.0,0.0,11.571925925925926,32.05297480932784,28.0,0.0,11.866666666666667,0.18222222222222226,13.0,11.0,0.5652592592592592,0.0008617229080932783,0.64,0.5066666666666667
GLJD,10,50,10.838289112534309,79.50564281851824,45.0,0.0,12.4476,36.585787573333334,30.0,0.0,11.866666666666667,0.18222222222222226,13.0,11.0,0.5829333333333332,0.0007833955555555552,0.65,0.522
GLJD,10,55,11.522360628956504,89.76287553831513,51.0,0.0,13.29509090909091,41.34001226446281,33.0,0.0,11.866666666666667,0.18222222222222226,13.0,11.0,0.5935757575757575,0.000782089990817263,0.649090909090909,0.5381818181818182
GLJD,10,60,12.376148474825431,105.23980596692986,58.0,0.0,14.119166666666667,46.33674375,35.0,0.0,11.866666666666667,0.18222222222222226,13.0,11.0,0.6046666666666667,0.0008228518518518521,0.67,0.5466666666666666
GLJD,10,65,13.055392854154464,116.22904609911723,58.0,0.0,14.921589743589744,51.49246721630506,37.0,0.0,11.866666666666667,0.18222222222222226,13.0,11.0,0.6128717948717948,0.0007494253780407626,0.6707692307692308,0.5415384615384615
GLJD,10,70,13.703291644287578,129.57121374882684,66.0,0.0,15.714809523809524,56.980523535147384,39.0,0.0,11.866666666666667,0.18222222222222226,13.0,11.0,0.6206190476190476,0.000666351473922902,0.6785714285714286,0.56
GLJD,10,75,14.480090529740433,145.0899742191189,71.0,0.0,16.4904,62.57968561777778,39.0,0.0,11.866666666666667,0.18222222222222226,13.0,11.0,0.6283999999999998,0.0006227140740740741,0.6853333333333333,0.5813333333333334
GLJD,10,80,15.169251824817518,158.1110175319961,71.0,0.0,17.239166666666666,68.03871597222223,40.0,0.0,11.866666666666667,0.18222222222222226,13.0,11.0,0.6393333333333333,0.0005198680555555553,0.69,0.59125
GLJD,10,85,15.96199769683011,176.43585505521017,73.0,0.0,17.96156862745098,73.35891518646675,42.0,0.0,11.866666666666667,0.18222222222222226,13.0,11.0,0.6470196078431373,0.0004889950019223376,0.6988235294117647,0.5988235294117648
GLJD,10,90,16.740289887894917,195.58383590282946,85.0,0.0,18.669888888888888,78.77824887654322,45.0,0.0,11.866666666666667,0.18222222222222226,13.0,11.0,0.654148148148148,0.0004840274348422497,0.7044444444444444,0.6044444444444445
GLJD,10,95,17.422248231100706,212.0325379469997,87.0,0.0,19.363122807017543,84.28705410772545,48.0,0.0,11.866666666666667,0.18222222222222226,13.0,11.0,0.6595438596491229,0.00047598768851954464,0.7126315789473684,0.6105263157894737
GLJD,10,100,18.149519134441995,229.53289347744393,89.0,0.0,20.0455,89.93882975,49.0,0.0,11.866666666666667,0.18222222222222226,13.0,11.0,0.6654666666666667,0.000403648888888889,0.718,0.626
GLJD,15,5,1.3669250645994833,1.6999913199660812,4.0,0.0,2.589777777777778,1.6019399506172838,5.0,0.0,17.5,0.31666666666666665,19.0,17.0,0.17200000000000001,0.002694518518518519,0.29333333333333333,0.05333333333333334
GLJD,15,10,2.5733333333333333,4.9130666666666665,9.0,0.0,4.361777777777778,4.906450172839507,10.0,0.0,17.5,0.31666666666666665,19.0,17.0,0.25000000000000006,0.0017533333333333333,0.32666666666666666,0.17333333333333334
GLJD,15,15,4.1704283740211885,11.910152695353368,14.0,0.0,5.9608888888888885,9.205877728395063,14.0,0.0,17.5,0.31666666666666665,19.0,17.0,0.3216296296296296,0.0019877969821673522,0.37333333333333335,0.16444444444444445
GLJD,15,20,5.539574719432959,20.280920551564083,19.0,0.0,7.363111111111111,13.585039209876545,18.0,0.0,17.5,0.31666666666666665,19.0,17.0,0.3762222222222222,0.0011657283950617281,0.43,0.25333333333333335
GLJD,15,25,6.605865981588525,27.55242973070102,24.0,0.0,8.645333333333333,18.196167111111112,20.0,0.0,17.5,0.31666666666666665,19.0,17.0,0.4152000000000001,0.0008036266666666664,0.4693333333333333,0.336
GLJD,15,30,7.741261080448235,38.68685915562023,29.0,0.0,9.849333333333334,23.142336592592596,24.0,0.0,17.5,0.31666666666666665,19.0,17.0,0.44288888888888894,0.0006087736625514403,0.4888888888888889,0.3711111111111111
GLJD,15,35,8.960996749729144,52.62496845394393,34.0,0.0,10.99047619047619,28.38073469387755,27.0,0.0,17.5,0.31666666666666665,19.0,17.0,0.46882539682539676,0.0006933897707231044,0.5104761904761905,0.38476190476190475
GLJD,15,40,9.829859537834164,62.7734989834421,39.0,0.0,12.072444444444445,33.78052958024691,29.0,0.0,17.5,0.31666666666666665,19.0,17.0,0.4904444444444444,0.0006688765432098764,0.5366666666666666,0.43333333333333335
GLJD,15,45,10.688335773548072,74.67504696192668,43.0,0.0,13.115851851851852,39.45660303978052,31.0,0.0,17.5,0.31666666666666665,19.0,17.0,0.5059259259259259,0.0004841335162322815,0.5496296296296296,0.45185185185185184
GLJD,15,50,11.637043966323667,90.06334753365672,48.0,0.0,14.126844444444444,45.42426604246913,33.0,0.0,17.5,0.31666666666666665,19.0,17.0,0.5226222222222222,0.0005524720987654321,0.5626666666666666,0.468
GLJD,15,55,12.395620108368453,101.60740706579674,52.0,0.0,15.100484848484848,51.48117552249771,35.0,0.0,17.5,0.31666666666666665,19.0,17.0,0.5368888888888889,0.000496106111621263,0.5709090909090909,0.4727272727272727
GLJD,15,60,13.466747279322854,124.50954184490561,58.0,0.0,16.035481481481483,57.5266669903978,37.0,0.0,17.5,0.31666666666666665,19.0,17.0,0.5513333333333333,0.00045353086419753076,0.5833333333333334,0.4988888888888889
GLJD,15,65,14.543655835904882,147.67775472344613,64.0,0.0,16.941196581196582,63.674354123749,39.0,0.0,17.5,0.31666666666666665,19.0,17.0,0.5650256410256411,0.0003844032434801666,0.6,0.5138461538461538
GLJD,15,70,15.473925027563396,166.02495405391605,67.0,0.0,17.812761904761906,69.71116411791384,41.0,0.0,17.5,0.31666666666666665,19.0,17.0,0.575873015873016,0.0003075031494079114,0.6057142857142858,0.5285714285714286
GLJD,15,75,16.174679812970115,180.53825093935873,73.0,0.0,18.668325925925927,76.01467379006858,43.0,0.0,17.5,0.31666666666666665,19.0,17.0,0.5829925925925926,0.0002803217558299038,0.6106666666666667,0.5457777777777778
GLJD,15,80,16.986837790997235,198.8168673670556,76.0,0.0,19.503194444444443,82.43154535108025,44.0,0.0,17.5,0.31666666666666665,19.0,17.0,0.5930277777777778,0.00023830941358024655,0.6183333333333333,0.56
GLJD,15,85,17.731764603540515,215.13421740289832,82.0,0.0,20.31986928104575,88.98748756461188,46.0,0.0,17.5,0.31666666666666665,19.0,17.0,0.6010718954248365,0.00027392472980477584,0.6329411764705882,0.5670588235294117
GLJD,15,90,18.472332657200813,234.08095865607348,87.0,0.0,21.11646913580247,95.56216333546715,48.0,0.0,17.5,0.31666666666666665,19.0,17.0,0.608641975308642,0.00027264136564548097,0.6377777777777778,0.5725925925925925
GLJD,15,95,19.277309007981756,255.84130571941333,91.0,0.0,21.900397660818715,102.37697995882495,51.0,0.0,17.5,0.31666666666666665,19.0,17.0,0.615438596491228,0.0003138606750795115,0.6463157894736842,0.5768421052631579
GLJD,15,100,19.976027152554483,274.0403327695378,95.0,0.0,22.66762222222222,109.26599167950617,54.0,0.0,17.5,0.31666666666666665,19.0,17.0,0.6219999999999999,0.0003307851851851853,0.656,0.584
GLJD,20,5,1.2124711316397228,1.3821077503213521,4.0,0.0,2.642333333333333,1.6777412222222223,5.0,0.0,22.9,0.15666666666666665,24.0,22.0,0.14433333333333337,0.0018978888888888888,0.22,0.07
GLJD,20,10,2.639705882352941,5.156952854671281,9.0,0.0,4.494,5.296630666666666,10.0,0.0,22.9,0.15666666666666665,24.0,22.0,0.22666666666666668,0.0012055555555555556,0.285,0.14
GLJD,20,15,4.124162396531336,11.904567932634068,14.0,0.0,6.192333333333333,10.130452333333333,15.0,0.0,22.9,0.15666666666666665,24.0,22.0,0.28188888888888897,0.0011649506172839506,0.3433333333333333,0.19666666666666666
GLJD,20,20,5.4511486998232765,20.183993252566477,19.0,0.0,7.730416666666667,15.516241493055556,19.0,0.0,22.9,0.15666666666666665,24.0,22.0,0.33008333333333334,0.0013918680555555557,0.4025,0.26
GLJD,20,25,6.876187063250313,31.994525221413006,24.0,0.0,9.153333333333334,21.332355555555555,22.0,0.0,22.9,0.15666666666666665,24.0,22.0,0.37206666666666666,0.0009427955555555557,0.426,0.308
GLJD,20,30,8.11780935301421,43.16255908573953,29.0,0.0,10.464555555555556,27.173854802469137,26.0,0.0,22.9,0.15666666666666665,24.0,22.0,0.40272222222222215,0.000553422839506173,0.44166666666666665,0.35833333333333334
GLJD,20,35,9.175800870632884,54.41211224787959,34.0,0.0,11.718428571428571,33.491431816326525,28.0,0.0,22.9,0.15666666666666665,24.0,22.0,0.4266190476190476,0.00037339909297052164,0.46285714285714286,0.3942857142857143
GLJD,20,40,10.228182918878645,67.91608008277426,39.0,0.0,12.914791666666666,40.08869787326389,31.0,0.0,22.9,0.15666666666666665,24.0,22.0,0.447375,0.00047670312499999997,0.4825,0.39
GLJD,20,45,11.266565785281937,82.81624755628077,43.0,0.0,14.066740740740741,47.0214715994513,35.0,0.0,22.9,0.15666666666666665,24.0,22.0,0.4650370370370371,0.0004972620027434841,0.5088888888888888,0.41888888888888887
GLJD,20,50,12.109350017379214,96.63336756500956,48.0,0.0,15.186333333333334,54.38321322222221,38.0,0.0,22.9,0.15666666666666665,24.0,22.0,0.47950000000000004,0.00042204999999999993,0.518,0.432
GLJD,20,55,13.176753238854085,114.96492640884922,54.0,0.0,16.25978787878788,61.753146621671256,40.0,0.0,22.9,0.15666666666666665,24.0,22.0,0.49821212121212116,0.0004460872359963268,0.5354545454545454,0.4509090909090909
GLJD,20,60,14.022895366543398,130.72456825378973,58.0,0.0,17.290194444444445,69.09348162885803,42.0,0.0,22.9,0.15666666666666665,24.0,22.0,0.5107777777777778,0.00045328395061728423,0.5441666666666667,0.4633333333333333
GLJD,20,65,15.058670463472113,152.80267521583616,64.0,0.0,18.297179487179488,76.74363307034845,42.0,0.0,22.9,0.15666666666666665,24.0,22.0,0.5222564102564102,0.0003415752794214336,0.5553846153846154,0.4746153846153846
GLJD,20,70,16.146195700651145,178.62272636220075,69.0,0.0,19.27885714285714,84.58628631292517,43.0,0.0,22.9,0.15666666666666665,24.0,22.0,0.5338571428571429,0.000338353741496599,0.5692857142857143,0.48857142857142855
GLJD,20,75,16.954992050226263,196.1073957855375,72.0,0.0,20.2286,92.36247537333334,46.0,0.0,22.9,0.15666666666666665,24.0,22.0,0.545088888888889,0.0003506217283950614,0.58,0.506
GLJD,20,80,17.900539649228,218.51161865646276,79.0,0.0,21.1493125,100.10176827734375,47.0,0.0,22.9,0.15666666666666665,24.0,22.0,0.5559166666666667,0.0003683784722222223,0.590625,0.519375
GLJD,20,85,18.893791189732916,244.67155007363726,84.0,0.0,22.044254901960784,107.85990424875048,49.0,0.0,22.9,0.15666666666666665,24.0,22.0,0.5652941176470586,0.0003910957324106111,0.5994117647058823,0.5252941176470588
GLJD,20,90,19.656578054846733,265.05819754769635,86.0,0.0,22.92124074074074,115.79774142352538,51.0,0.0,22.9,0.15666666666666665,24.0,22.0,0.5733148148148148,0.0003810593278463649,0.6033333333333334,0.5322222222222223
GLJD,20,95,20.545424363153447,289.7382782908806,91.0,0.0,23.77798245614035,123.77690119267466,53.0,0.0,22.9,0.15666666666666665,24.0,22.0,0.5812631578947368,0.0003107220683287165,0.6094736842105263,0.5394736842105263
GLJD,20,100,21.501972134729435,318.7656454963434,97.0,0.0,24.62485,132.0802124775,55.0,0.0,22.9,0.15666666666666665,24.0,22.0,0.58735,0.0003143858333333338,0.62,0.5535
GLJD,25,5,1.2892057026476578,1.3949751328391704,4.0,0.0,2.6810666666666667,1.6833481955555556,5.0,0.0,28.133333333333333,0.24888888888888897,29.0,27.0,0.13093333333333337,0.001324728888888889,0.208,0.04
GLJD,25,10,2.759186351706037,5.827179390469892,9.0,0.0,4.6088,5.545362560000001,10.0,0.0,28.133333333333333,0.24888888888888897,29.0,27.0,0.20320000000000002,0.00070016,0.26,0.156
GLJD,25,15,4.237616903359889,12.197088605575031,14.0,0.0,6.377422222222222,10.797819132839505,15.0,0.0,28.133333333333333,0.24888888888888897,29.0,27.0,0.2566222222222222,0.0010906943209876548,0.33866666666666667,0.208
GLJD,25,20,5.5981879954699885,21.182148472018973,19.0,0.0,8.018533333333334,16.970056515555555,19.0,0.0,28.133333333333333,0.24888888888888897,29.0,27.0,0.2943333333333334,0.001346688888888888,0.358,0.228
GLJD,25,25,6.9796049462020235,32.041498286200046,24.0,0.0,9.550773333333334,23.727102068622223,22.0,0.0,28.133333333333333,0.24888888888888897,29.0,27.0,0.3321066666666666,0.0007851832888888886,0.384,0.2816
GLJD,25,30,8.312545676004872,44.572717149253535,29.0,0.0,10.979066666666666,30.688672906666664,25.0,0.0,28.133333333333333,0.24888888888888897,29.0,27.0,0.36488888888888893,0.00043926913580246904,0.416,0.32
GLJD,25,35,9.338084545543298,55.981666818196196,34.0,0.0,12.328266666666666,37.937688614603175,29.0,0.0,28.133333333333333,0.24888888888888897,29.0,27.0,0.3902095238095239,0.0004343016780045353,0.4308571428571429,0.35428571428571426
GLJD,25,40,10.591129423170141,72.50635854020554,39.0,0.0,13.6177,45.59361337666667,32.0,0.0,28.133333333333333,0.24888888888888897,29.0,27.0,0.4126000000000001,0.0004746399999999999,0.455,0.368
GLJD,25,45,11.644761186870417,86.30099650467595,44.0,0.0,14.846755555555555,53.39867910320988,34.0,0.0,28.133333333333333,0.24888888888888897,29.0,27.0,0.43238518518518515,0.0005693989574759947,0.4782222222222222,0.3831111111111111
GLJD,25,50,12.61975176673199,102.09776534012617,49.0,0.0,16.03688,61.60005319893334,37.0,0.0,28.133333333333333,0.24888888888888897,29.0,27.0,0.44904000000000005,0.0005262144000000002,0.4944,0.4032
GLJD,25,55,13.727206494587843,121.54277770840079,53.0,0.0,17.18048484848485,69.87159491643709,40.0,0.0,28.133333333333333,0.24888888888888897,29.0,27.0,0.4658424242424242,0.000507512359963269,0.5076363636363637,0.42254545454545456
GLJD,25,60,14.646880819366853,141.210828259539,59.0,0.0,18.2964,78.54059148444445,43.0,0.0,28.133333333333333,0.24888888888888897,29.0,27.0,0.4773333333333333,0.00038557037037037,0.5113333333333333,0.43533333333333335
GLJD,25,65,15.701094477292742,163.15232110681185,64.0,0.0,19.382933333333334,87.45865436991453,45.0,0.0,28.133333333333333,0.24888888888888897,29.0,27.0,0.48916923076923075,0.0003807520315581853,0.5292307692307693,0.45046153846153847
GLJD,25,70,16.876442015786278,191.25735030371126,68.0,0.0,20.44072380952381,96.5619529999093,47.0,0.0,28.133333333333333,0.24888888888888897,29.0,27.0,0.5019428571428571,0.00039350421768707467,0.5365714285714286,0.4662857142857143
GLJD,25,75,17.867022382371285,213.6070830816832,74.0,0.0,21.467484444444445,105.67863162753582,49.0,0.0,28.133333333333333,0.24888888888888897,29.0,27.0,0.5131022222222222,0.00038610362469135805,0.5466666666666666,0.4736
GLJD,25,80,18.789341313552576,234.82127507789554,79.0,0.0,22.469866666666668,114.93822531555556,50.0,0.0,28.133333333333333,0.24888888888888897,29.0,27.0,0.5235166666666667,0.0003401747222222226,0.561,0.485
GLJD,25,85,19.739198165892656,259.12030172611736,84.0,0.0,23.445694117647058,124.23826655741638,53.0,0.0,28.133333333333333,0.24888888888888897,29.0,27.0,0.533678431372549,0.00044634549788542913,0.5722352941176471,0.4889411764705882
GLJD,25,90,20.54721629167351,282.0495990555883,88.0,0.0,24.399762962962964,133.64893031418381,55.0,0.0,28.133333333333333,0.24888888888888897,29.0,27.0,0.5412444444444444,0.0003576941563786006,0.572,0.5035555555555555
GLJD,25,95,21.42995736424213,308.2481576764482,94.0,0.0,25.333670175438595,143.1455624596368,56.0,0.0,28.133333333333333,0.24888888888888897,29.0,27.0,0.5497403508771929,0.0003410553893505696,0.5861052631578947,0.5082105263157894
GLJD,25,100,22.188442571934697,328.98244314821966,97.0,0.0,26.25004,152.7823199984,59.0,0.0,28.133333333333333,0.24888888888888897,29.0,27.0,0.5569866666666667,0.0003604984888888886,0.5992,0.5208
